<?xml version="1.0" encoding="utf-8"?><feed xmlns="http://www.w3.org/2005/Atom" xml:lang="pt_AO"><generator uri="https://jekyllrb.com/" version="4.3.3">Jekyll</generator><link href="/feed.xml" rel="self" type="application/atom+xml" /><link href="/" rel="alternate" type="text/html" hreflang="pt_AO" /><updated>2025-09-01T15:50:53+00:00</updated><id>/feed.xml</id><title type="html">Butter | Life without internet made smoother.</title><subtitle>Life without internet made smoother. Get access to tools that help.</subtitle></feed>